[
  {
    "nombre": "Ana Martínez",
    "email": "ana.martinez@email.com",
    "edad": 28,
    "activo": true,
    "direccion": {
      "calle": "Gran Vía 45",
      "ciudad": "Madrid",
      "codigo_postal": "28013"
    },
    "telefono": "+34 611 234 567",
    "fecha_registro": "2023-01-10T10:30:00Z",
    "preferencias": {
      "newsletter": true,
      "promociones": true,
      "categoria_favorita": "Electrónicos"
    }
  },
  {
    "nombre": "Carlos Rodríguez",
    "email": "carlos.rodriguez@email.com",
    "edad": 35,
    "activo": true,
    "direccion": {
      "calle": "Passeig de Gràcia 123",
      "ciudad": "Barcelona",
      "codigo_postal": "08008"
    },
    "telefono": "+34 622 345 678",
    "fecha_registro": "2023-02-15T14:20:00Z",
    "preferencias": {
      "newsletter": false,
      "promociones": true,
      "categoria_favorita": "Deportes"
    }
  },
  {
    "nombre": "Elena González",
    "email": "elena.gonzalez@email.com",
    "edad": 42,
    "activo": true,
    "direccion": {
      "calle": "Calle Colón 78",
      "ciudad": "Valencia",
      "codigo_postal": "46004"
    },
    "telefono": "+34 633 456 789",
    "fecha_registro": "2023-03-20T09:15:00Z",
    "preferencias": {
      "newsletter": true,
      "promociones": false,
      "categoria_favorita": "Hogar"
    }
  },
  {
    "nombre": "David López",
    "email": "david.lopez@email.com",
    "edad": 31,
    "activo": false,
    "direccion": {
      "calle": "Alameda Principal 56",
      "ciudad": "Málaga",
      "codigo_postal": "29001"
    },
    "telefono": "+34 644 567 890",
    "fecha_registro": "2023-04-05T16:45:00Z",
    "preferencias": {
      "newsletter": false,
      "promociones": false,
      "categoria_favorita": "Libros"
    }
  },
  {
    "nombre": "Isabel Fernández",
    "email": "isabel.fernandez@email.com",
    "edad": 26,
    "activo": true,
    "direccion": {
      "calle": "Calle Real 34",
      "ciudad": "Sevilla",
      "codigo_postal": "41001"
    },
    "telefono": "+34 655 678 901",
    "fecha_registro": "2023-05-12T11:30:00Z",
    "preferencias": {
      "newsletter": true,
      "promociones": true,
      "categoria_favorita": "Moda"
    }
  },
  {
    "nombre": "Miguel Torres",
    "email": "miguel.torres@email.com",
    "edad": 39,
    "activo": true,
    "direccion": {
      "calle": "Rúa do Franco 12",
      "ciudad": "Santiago de Compostela",
      "codigo_postal": "15701"
    },
    "telefono": "+34 666 789 012",
    "fecha_registro": "2023-06-18T13:20:00Z",
    "preferencias": {
      "newsletter": true,
      "promociones": true,
      "categoria_favorita": "Electrónicos"
    }
  },
  {
    "nombre": "Carmen Ruiz",
    "email": "carmen.ruiz@email.com",
    "edad": 33,
    "activo": true,
    "direccion": {
      "calle": "Plaza Mayor 8",
      "ciudad": "Salamanca",
      "codigo_postal": "37002"
    },
    "telefono": "+34 677 890 123",
    "fecha_registro": "2023-07-25T08:45:00Z",
    "preferencias": {
      "newsletter": false,
      "promociones": true,
      "categoria_favorita": "Salud y Belleza"
    }
  },
  {
    "nombre": "Javier Moreno",
    "email": "javier.moreno@email.com",
    "edad": 45,
    "activo": false,
    "direccion": {
      "calle": "Avenida de la Constitución 67",
      "ciudad": "Zaragoza",
      "codigo_postal": "50001"
    },
    "telefono": "+34 688 901 234",
    "fecha_registro": "2023-08-30T15:10:00Z",
    "preferencias": {
      "newsletter": false,
      "promociones": false,
      "categoria_favorita": "Automóvil"
    }
  },
  {
    "nombre": "Lucía Jiménez",
    "email": "lucia.jimenez@email.com",
    "edad": 29,
    "activo": true,
    "direccion": {
      "calle": "Calle Sierpes 23",
      "ciudad": "Sevilla",
      "codigo_postal": "41004"
    },
    "telefono": "+34 699 012 345",
    "fecha_registro": "2023-09-14T12:00:00Z",
    "preferencias": {
      "newsletter": true,
      "promociones": true,
      "categoria_favorita": "Viajes"
    }
  },
  {
    "nombre": "Roberto Sánchez",
    "email": "roberto.sanchez@email.com",
    "edad": 37,
    "activo": true,
    "direccion": {
      "calle": "Calle Uría 89",
      "ciudad": "Oviedo",
      "codigo_postal": "33003"
    },
    "telefono": "+34 600 123 456",
    "fecha_registro": "2023-10-22T17:30:00Z",
    "preferencias": {
      "newsletter": true,
      "promociones": false,
      "categoria_favorita": "Deportes"
    }
  }
]
