{
  "name": "mi-proyecto-comprimido",
  "version": "1.0.0",
  "description": "Proyecto MongoDB comprimido - Todo App",
  "main": "app.js",
  "scripts": {
    "start": "node app.js",
    "dev": "nodemon app.js",
    "docker:up": "docker-compose up --build",
    "docker:down": "docker-compose down",
    "seed": "node seed-data.js"
  },
  "dependencies": {
    "express": "^4.18.2",
    "mongoose": "^7.6.0",
    "pug": "^3.0.2"
  },
  "devDependencies": {
    "nodemon": "^3.0.1"
  },
  "engines": {
    "node": ">=16.0.0"
  }
}
