{
  "collectionName": "materialized_orders",
  "description": "Colección materializada para reportes de órdenes con información desnormalizada",
  "purpose": "Optimizar consultas de reporting y análisis de órdenes",
  "structure": {
    "orden_id": "ObjectId de la orden original",
    "cliente_id": "ObjectId del cliente",
    "cliente_nombre": "Nombre del cliente (desnormalizado)",
    "cliente_email": "Email del cliente (desnormalizado)",
    "cliente_ciudad": "Ciudad del cliente (desnormalizado)",
    "fecha_orden": "Fecha de la orden",
    "estado": "Estado de la orden",
    "total_orden": "Total de la orden",
    "items": [
      {
        "producto_id": "ObjectId del producto",
        "producto_nombre": "Nombre del producto (desnormalizado)",
        "categoria": "Categoría del producto (desnormalizado)",
        "cantidad": "Cantidad ordenada",
        "precio_unitario": "Precio unitario",
        "subtotal": "Subtotal del item"
      }
    ],
    "metricas": {
      "total_items": "Número total de items en la orden",
      "productos_unicos": "Número de productos únicos",
      "categoria_principal": "Categoría con mayor valor en la orden"
    },
    "fecha_materializacion": "Timestamp de cuando se materializó",
    "version": "Versión de la materialización"
  },
  "aggregationPipeline": [
    {
      "$lookup": {
        "from": "clientes",
        "localField": "cliente_id",
        "foreignField": "_id",
        "as": "cliente_info"
      }
    },
    {
      "$unwind": "$cliente_info"
    },
    {
      "$unwind": "$items"
    },
    {
      "$lookup": {
        "from": "productos",
        "localField": "items.producto_id",
        "foreignField": "_id",
        "as": "producto_info"
      }
    },
    {
      "$unwind": "$producto_info"
    },
    {
      "$addFields": {
        "items.producto_nombre": "$producto_info.nombre",
        "items.categoria": "$producto_info.categoria",
        "items.subtotal": {
          "$multiply": ["$items.cantidad", "$items.precio_unitario"]
        }
      }
    },
    {
      "$group": {
        "_id": "$_id",
        "orden_id": { "$first": "$_id" },
        "cliente_id": { "$first": "$cliente_id" },
        "cliente_nombre": { "$first": "$cliente_info.nombre" },
        "cliente_email": { "$first": "$cliente_info.email" },
        "cliente_ciudad": { "$first": "$cliente_info.direccion.ciudad" },
        "fecha_orden": { "$first": "$fecha_orden" },
        "estado": { "$first": "$estado" },
        "total_orden": { "$first": "$total" },
        "items": { "$push": "$items" },
        "total_items": { "$sum": "$items.cantidad" },
        "productos_unicos": { "$addToSet": "$items.producto_id" },
        "categorias": { "$push": "$items.categoria" }
      }
    },
    {
      "$addFields": {
        "metricas.total_items": "$total_items",
        "metricas.productos_unicos": { "$size": "$productos_unicos" },
        "metricas.categoria_principal": { "$arrayElemAt": ["$categorias", 0] },
        "fecha_materializacion": "$$NOW",
        "version": 1
      }
    },
    {
      "$project": {
        "productos_unicos": 0,
        "categorias": 0,
        "total_items": 0
      }
    }
  ],
  "indexes": [
    { "cliente_id": 1 },
    { "fecha_orden": -1 },
    { "estado": 1 },
    { "cliente_ciudad": 1 },
    { "items.categoria": 1 },
    { "total_orden": -1 },
    { "fecha_materializacion": -1 }
  ],
  "maintenanceStrategy": {
    "refresh_frequency": "daily",
    "incremental_update": true,
    "cleanup_old_versions": true,
    "retention_days": 90
  },
  "useCases": [
    "Reportes de ventas por cliente",
    "Análisis de productos más vendidos",
    "Reportes de ventas por ciudad",
    "Dashboard de métricas de órdenes",
    "Análisis de tendencias temporales"
  ],
  "benefits": [
    "Consultas más rápidas para reporting",
    "Reduce la necesidad de JOINs complejos",
    "Datos pre-calculados para dashboards",
    "Mejor rendimiento en consultas analíticas"
  ]
}
