{
  "viewName": "view_active_clients",
  "description": "Vista que muestra solo los clientes activos con información resumida",
  "pipeline": [
    {
      "$match": {
        "activo": true
      }
    },
    {
      "$project": {
        "nombre": 1,
        "email": 1,
        "edad": 1,
        "ciudad": "$direccion.ciudad",
        "telefono": 1,
        "fecha_registro": 1,
        "dias_desde_registro": {
          "$divide": [
            {
              "$subtract": ["$$NOW", "$fecha_registro"]
            },
            86400000
          ]
        }
      }
    },
    {
      "$sort": {
        "fecha_registro": -1
      }
    }
  ],
  "createCommand": "db.createView('view_active_clients', 'clientes', pipeline)",
  "usage": {
    "description": "Esta vista permite consultar fácilmente solo los clientes activos",
    "examples": [
      "db.view_active_clients.find({})",
      "db.view_active_clients.find({ciudad: 'Madrid'})",
      "db.view_active_clients.find({edad: {$gte: 30}})"
    ]
  },
  "benefits": [
    "Simplifica consultas frecuentes de clientes activos",
    "Incluye campos calculados como días desde registro",
    "Mejora la legibilidad del código",
    "Centraliza la lógica de filtrado"
  ]
}
